Workbook

Sheet Contatos
A1: Time | B1: Nome | C1: Celular corporativo | D1: E-mail
A2: Aplicações Estratégicas | B2: Felix Passos Silva | C2: 17-99737-7501 | D2: felix.silva@tereos.com
A3: Aplicações Estratégicas | B3: Andrea Moraes Lima | C3: 17-99608-2096 | D3: andrea.lima@tereos.com | F3: Regra: Antes de acionar um Gestor, acionar o Vinicius(Gestor Tereos). (11)99014-2049
A5: Aplicações Estratégicas | B5: Rafael Aparecido Bertoco | C5: 17-99669-8154 | D5: rafael.bertoco@tereos.com
A6: Aplicações Estratégicas | B6: Thales Vitor Fossalussa da Silva | C6: 17-99706-5355 | D6: thales.fossalussa@tereos.com
A7: Aplicações Estratégicas | B7: Diego Da Silva Duarte | C7: 17-98125-0953 | D7: diego.duarte@tereos.com
A8: Aplicações Estratégicas | B8: Luis Henrique Madalena Lacerda | C8: 17 99738-2188 | D8: luis.lacerda@tereos.com
A9: Aplicações Estratégicas | B9: Luiz Otávio Santana | C9: 17-99784-2844 | D9: luiz.santana@tereos.com
A10: Aplicações Estratégicas | B10: Rubens Correa Junior | C10: 17 - 996215383 | D10: rubens.correa@tereos.com
A11: Aplicações Estratégicas | B11: Rodrigo Da Silva Audi | C11: 17-99683-7757 | D11: rodrigo.audi@tereos.com
A12: Infra | B12: André Sabino Petean Galvão | C12: 17-99638-8804 | D12: andre.galvao@tereos.com
A13: Infra | B13: Ygor de Alencar Pereira | C13: 17-98117-3396 | D13: ygor.pereira@tereos.com
A14: Gestor Infra | B14: Rodrigo Sandrin | C14: 17-99648-4555 | D14: rodrigo.sandrin@tereos.com
A15: Gestor EndUser | B15: Helen Mendes de Oliveira | C15: 17-99645-0645 | D15: helen.oliveira@tereos.com
A16: Gerente TI | B16: Caio Albuquerque | C16: 17-99647-7590 | D16: caio.albuquerque@tereos.com
... A37: Field Services | B37: Felipe Thomazella Ferri | C37: 17-99789-5734 | D37: felipe.ferri-external@tereos.com
A40: Gestores

Sheet Servidores
A1: Serviço | B1: Nível | C1: Especialista | D1: Contato | E1: Acionamento | F1: Acompanhamento
A2: Servidores | B2: 1º nível | C2: André Sabino Petean Galvão (Dia 01 ao 15) | D2: 17-99638-8804 | E2: 3 tentativas a cada 5min | F2: Em 15min | H2: Regra: Antes de acionar um Gestor, acionar o Vinicius(Gestor Tereos). (11)99014-2049
C3: Ygor de Alencar Pereira(Dia 16 ao 31) | D3: 17-98117-3396
B4: 2º Nível | C4: Jota Sousa | D4: =VLOOKUP(C4,Contatos!B$2:C$37,2,FALSE) -> 17-99787-0087 | E4: 3 tentativas a cada 5min | F4: Em 30 min
B5: 3º Nível | C5: Helen Mendes de Oliveira | D5: =VLOOKUP(C5,Contatos!B$2:C$37,2,FALSE) -> 17-99645-0645 | E5: 3 tentativas a cada 5min | F5: Em 1 hora
B6: 4º Nível | C6: Caio Albuquerque | D6: =VLOOKUP(C6,Contatos!B$2:C$37,2,FALSE) -> 17-99647-7590 | E6: 3 tentativas a cada 5min | F6: Em 2 horas
B7: 5º Nível | C7: Rodrigo Da Silva Audi | D7: =VLOOKUP(C7,Contatos!B$2:C$37,2,FALSE) -> 17-99683-7757 | E7: 3 tentativas a cada 5min | F7: Em 4 horas
A10: Gestores

Sheet Banco de dados
A1: Aplicação | B1: Nível | C1: Especialista | D1: Contato | E1: Acionamento | F1: Acompanhamento
A2: Banco de Dados | B2: 1º nível | C2: André Sabino Petean Galvão (Dia 01 ao 15) | D2: 17-99638-8804 | E2: 3 tentativas a cada 5min | F2: Em 15min | H2: Regra: Antes de acionar um Gestor, acionar o Vinicius(Gestor Tereos). (11)99014-2049
C3: Ygor de Alencar Pereira(Dia 16 ao 31) | D3: 17-98117-3396
B4: 2º Nível | C4: Jota Sousa | D4: =VLOOKUP(C4,Contatos!B$2:C$37,2,FALSE) -> 17-99787-0087 | E4: 3 tentativas a cada 5min | F4: Em 30 min
B5: 3º Nível | C5: Helen Mendes de Oliveira | D5: =VLOOKUP(C5,Contatos!B$2:C$37,2,FALSE) -> 17-99645-0645 | E5: 3 tentativas a cada 5min | F5: Em 1 hora
B6: 4º Nível | C6: Caio Albuquerque | D6: =VLOOKUP(C6,Contatos!B$2:C$37,2,FALSE) -> 17-99647-7590 | E6: 3 tentativas a cada 5min | F6: Em 2 horas
B7: 5º Nível | C7: Rodrigo Da Silva Audi | D7: =VLOOKUP(C7,Contatos!B$2:C$37,2,FALSE) -> 17-99683-7757 | E7: 3 tentativas a cada 5min | F7: Em 4 horas
A10: Gestores

Sheet SAP
A1: Módulo SAP | B1: Nível | C1: Especialista | D1: Contato | E1: Acionamento | F1: Acompanhamento
A2: Nota fiscal de saída/venda (Balança) | B2: 1º Nível | C2: Jonas Zampietro | D2: =VLOOKUP(C2,Contatos!B$2:C$37,2,FALSE) -> 17-99663-5164 | E2: 3 tentativas a cada 5min | F2: Em 15min
B3: 2º Nível | C3: Cesário Daniel | D3: =VLOOKUP(C3,Contatos!B$2:C$37,2,FALSE) -> 17-99738-6565 | E3: 3 tentativas a cada 5min | F3: Em 30 min | J3: Regra: Antes de acionar um Gestor, acionar o Vinicius(Gestor Tereos). (11)99014-2049
B4: 3º Nível | C4: Rodrigo Da Silva Audi | D4: =VLOOKUP(C4,Contatos!B$2:C$37,2,FALSE) -> 17-99683-7757 | E4: 3 tentativas a cada 5min | F4: Em 1 hora | H4: Gestores
A6: Módulo SAP | B6: Nível | C6: Especialista | D6: Contato | E6: Acionamento | F6: Acompanhamento
A7: FI/CO/PS (fechamento / pagamento e custo) | B7: 1º Nível | C7: Adalberto Correa | D7: =VLOOKUP(C7,Contatos!B$2:C$37,2,0) -> 17-99772-7052 | E7: 3 tentativas a cada 5min | F7: Em 15min
B8: 2º Nível | C8: Cesário Daniel | D8: =VLOOKUP(C8,Contatos!B$2:C$37,2,0) -> 17-99738-6565 | E8: 3 tentativas a cada 5min | F8: Em 30 min
B9: 3º Nível | C9: Rodrigo Da Silva Audi | D9: =VLOOKUP(C9,Contatos!B$2:C$37,2,0) -> 17-99683-7757 | E9: 3 tentativas a cada 5min | F9: Em 1 hora
A11: Módulo SAP | B11: Nível | C11: Especialista | D11: Contato | E11: Acionamento | F11: Acompanhamento
A12: Nota Fiscal (Faturamento de cana) | B12: 1º Nível | C12: Tiago Claudiano | D12: =VLOOKUP(C12,Contatos!B$2:C$37,2,FALSE) -> 17-99611-0307 | E12: 3 tentativas a cada 5min | F12: Em 15min
B13: 2º Nível | C13: Cesário Daniel | D13: =VLOOKUP(C13,Contatos!B$2:C$37,2,0) -> 17-99738-6565 | E13: 3 tentativas a cada 5min | F13: Em 30 min
B14: 3º Nível | C14: Rodrigo Da Silva Audi | D14: =VLOOKUP(C14,Contatos!B$2:C$37,2,0) -> 17-99683-7757 | E14: 3 tentativas a cada 5min | F14: Em 1 hora
A16: Serviço SAP | B16: Nível | C16: Especialista | D16: Contato | E16: Acionamento | F16: Acompanhamento
A17: Performance - Lentidão | B17: 1º Nível | C17: Lucas Garcia | D17: =VLOOKUP(C17,Contatos!B$2:C$37,2,0) -> 17-98177-4443 | E17: 3 tentativas a cada 5min | F17: Em 15min
B18: 2º Nível | C18: Cesário Daniel | D18: =VLOOKUP(C18,Contatos!B$2:C$37,2,0) -> 17-99738-6565 | E18: 3 tentativas a cada 5min | F18: Em 30 min
B19: 3º Nível | C19: Rodrigo Da Silva Audi | D19: =VLOOKUP(C19,Contatos!B$2:C$37,2,0) -> 17-99683-7757 | E19: 3 tentativas a cada 5min | F19: Em 1 hora
A21: Módulo SAP | B21: Nível | C21: Especialista | D21: Contato | E21: Acionamento | F21: Acompanhamento
A22: PP/PM/QM (abastecimento e manutenção) | B22: 1º Nível | C22: Tiago Claudiano | D22: =VLOOKUP(C22,Contatos!B$2:C$37,2,0) -> 17-99611-0307 | E22: 3 tentativas a cada 5min | F22: Em 15min
B23: 2º Nível | C23: Cesário Daniel | D23: =VLOOKUP(C23,Contatos!B$2:C$37,2,0) -> 17-99738-6565 | E23: 3 tentativas a cada 5min | F23: Em 30 min
B24: 3º Nível | C24: Rodrigo Da Silva Audi | D24: =VLOOKUP(C24,Contatos!B$2:C$37,2,0) -> 17-99683-7757 | E24: 3 tentativas a cada 5min | F24: Em 1 hora

Sheet BR - Oasis - Simplefarm
A1: Aplicação | B1: Nível | C1: Contato | D1: Celular | E1: Acionamento | F1: Acompanhamento
A2: BR - Oasis – Simplefarm | B2: 1º Nível | C2: Suporte Gatec | D2: 0800513-6700 ou 473213-6700 ou 473221-3300 | E2: 3 tentativas a cada 5min | F2: Em 15min | H2: Regra: Antes de acionar um Gestor, acionar o Vinicius(Gestor Tereos). (11)99014-2049
D3: Na URA escolher a opção 9 "Digite o ramal desejado". Em seguida, basta digitar o número 20023. | H3: Obs: Ligar apenas se o incidente impactar toda a operação. Caso contrário, informe ao usuário que será necessário aguardar até horário comercial.
B4: 2º Nível | C4: André Simião(GAtec) Sandro Morete(GAtec) | D4: 19 98225-6698 19 98184-7357 | E4: 3 tentativas a cada 5min | F4: Em 30 min
B5: 3º Nível | C5: Thales Vitor Fossalussa da Silva | D5: =VLOOKUP(C5,Contatos!B$2:C$37,2,0) -> 17-99706-5355 | E5: 3 tentativas a cada 5min | F5: Em 45 min
B6: 4º Nível | C6: Luciano De Souza | D6: =VLOOKUP(C6,Contatos!B$2:C$37,2,0) -> 17-98177-4445 | E6: 3 tentativas a cada 5min | F6: Em 1h30
B7: 5º Nível | C7: Caio Albuquerque | D7: =VLOOKUP(C7,Contatos!B$2:C$37,2,0) -> 17-99647-7590 | E7: 3 tentativas a cada 5min | F7: Em 2 horas
B8: 6º Nível | C8: Rodrigo Da Silva Audi | D8: =VLOOKUP(C8,Contatos!B$2:C$37,2,0) -> 17-99683-7757 | E8: 3 tentativas a cada 5min | F8: Em 3 horas
A12: Gestores

Sheet BR - Oasis - SimpleFarm -Mobile
A1: Aplicação | B1: Nível | C1: Contato | D1: Celular | E1: Acionamento | F1: Acompanhamento
A2: BR - Oasis - SimpleFarm -Mobile | B2: 1º Nível | C2: Suporte Gatec | D2: 0800513-6700 ou 473213-6700 ou 473221-3300 | E2: 3 tentativas a cada 5min | F2: Em 15min | H2: Regra: Antes de acionar um Gestor, acionar o Vinicius(Gestor Tereos). (11)99014-2049
D3: Na URA escolher a opção 9 "Digite o ramal desejado". Em seguida, basta digitar o número 20023. | H3: Obs: Ligar apenas se o incidente impactar toda a operação. Caso contrário, informe ao usuário que será necessário aguardar até horário comercial.
B4: 2º Nível | C4: André Simião(GAtec) Sandro Morete(GAtec) | D4: 19 98225-6698 19 98184-7357 | E4: 3 tentativas a cada 5min | F4: Em 30 min
B5: 3º Nível | C5: Thales Vitor Fossalussa da Silva | D5: =VLOOKUP(C5,Contatos!B$2:C$37,2,0) -> 17-99706-5355 | E5: 3 tentativas a cada 5min | F5: Em 45 min
B6: 4º Nível | C6: Luciano De Souza | D6: =VLOOKUP(C6,Contatos!B$2:C$37,2,0) -> 17-98177-4445 | E6: 3 tentativas a cada 5min | F6: Em 1h30
B7: 5º Nível | C7: Caio Albuquerque | D7: =VLOOKUP(C7,Contatos!B$2:C$37,2,0) -> 17-99647-7590 | E7: 3 tentativas a cada 5min | F7: Em 2 horas
B8: 6º Nível | C8: Rodrigo Da Silva Audi | D8: =VLOOKUP(C8,Contatos!B$2:C$37,2,0) -> 17-99683-7757 | E8: 3 tentativas a cada 5min | F8: Em 3 horas
A12: Gestores

Sheet POV Oficina
A1: Aplicação | B1: Nível | C1: Contato | D1: Celular | E1: Acionamento | F1: Acompanhamento
A2: POV - Oficina | B2: 1º Nível | C2: Suporte Gatec | D2: 0800513-6700 ou 473213-6700 ou 473221-3300 | E2: 3 tentativas a cada 5min | F2: Em 15min | H2: Regra: Antes de acionar um Gestor, acionar o Vinicius(Gestor Tereos). (11)99014-2049
D3: Na URA escolher a opção 9 "Digite o ramal desejado". Em seguida, basta digitar o número 20023. | H3: Obs: Ligar apenas se o incidente impactar toda a operação. Caso contrário, informe ao usuário que será necessário aguardar até horário comercial.
B4: 2º Nível | C4: André Simião(GAtec) Sandro Morete(GAtec) | D4: 19 98225-6698 19 98184-7357 | E4: 3 tentativas a cada 5min | F4: Em 30 min
B5: 3º Nível | C5: Luiz Otávio Santana | D5: =VLOOKUP(C5,Contatos!B$2:C$37,2,0) -> 17-99784-2844 | E5: 3 tentativas a cada 5min | F5: Em 45 min
B6: 4º Nível | C6: Luciano de Souza | D6: =VLOOKUP(C6,Contatos!B$2:C$37,2,0) -> 17-98177-4445 | E6: 3 tentativas a cada 5min | F6: Em 1h30
B7: 5º Nível | C7: Caio Albuquerque | D7: =VLOOKUP(C7,Contatos!B$2:C$37,2,0) -> 17-99647-7590 | E7: 3 tentativas a cada 5min | F7: Em 2 horas
B8: 6º Nível | C8: Rodrigo Da Silva Audi | D8: =VLOOKUP(C8,Contatos!B$2:C$37,2,0) -> 17-99683-7757 | E8: 3 tentativas a cada 5min | F8: Em 3 horas
A12: Gestores

Sheet GAtec TPS
A1: Aplicação | B1: Nível | C1: Contato | D1: Celular | E1: Acionamento | F1: Acompanhamento
A2: Gatec TPS | B2: 1º Nível | C2: Suporte Gatec | D2: 0800513-6700 ou 473213-6700 ou 473221-3300 | E2: 3 tentativas a cada 5min | F2: Em 15min
D3: Na URA escolher a opção 9 "Digite o ramal desejado". Em seguida, basta digitar o número 20023. | H3: Regra: Antes de acionar um Gestor, acionar o Vinicius(Gestor Tereos). (11)99014-2049
B4: 2º Nível | C4: André Simião(GAtec) Sandro Morete(GAtec) | D4: 19 98225-6698 19 98184-7357 | E4: 3 tentativas a cada 5min | F4: Em 30 min | H4: Obs: Ligar apenas se o incidente impactar toda a operação. Caso contrário, informe ao usuário que será necessário aguardar até horário comercial.
B5: 3º Nível | C5: Luiz Otávio Santana | D5: =VLOOKUP(C5,Contatos!B$2:C$37,2,0) -> 17-99784-2844 | E5: 3 tentativas a cada 5min | F5: Em 45 min
B6: 4º Nível | C6: Luciano De Souza | D6: =VLOOKUP(C6,Contatos!B$2:C$37,2,0) -> 17-98177-4445 | E6: 3 tentativas a cada 5min | F6: Em 1h30
B7: 5º Nível | C7: Caio Albuquerque | D7: =VLOOKUP(C7,Contatos!B$2:C$37,2,0) -> 17-99647-7590 | E7: 3 tentativas a cada 5min | F7: Em 2 horas
B8: 6º Nível | C8: Rodrigo Da Silva Audi | D8: =VLOOKUP(C8,Contatos!B$2:C$37,2,0) -> 17-99683-7757 | E8: 3 tentativas a cada 5min | F8: Em 3 horas
A12: Gestores

Sheet GAtec Scouting
A1: OBS: Ligar apenas se o incidente impactar toda a operação. Caso contrário, informe ao usuário que será necessário aguardar até horário comercial.
A2: Aplicação | B2: Nível | C2: Contato | D2: Celular | E2: Acionamento | F2: Acompanhamento
A3: GAtec Scouting | B3: 1º Nível | C3: Suporte Gatec | D3: 0800513-6700 ou 473213-6700 ou 473221-3300 | E3: 3 tentativas a cada 5min | F3: Em 15min
D4: Na URA escolher a opção 9 "Digite o ramal desejado". Em seguida, basta digitar o número 20023. | H4: Regra: Antes de acionar um Gestor, acionar o Vinicius(Gestor Tereos). (11)99014-2049
B5: 2º Nível | C5: André Simião(GAtec) Sandro Morete(GAtec) | D5: 19 98225-6698 19 98184-7357 | E5: 3 tentativas a cada 5min | F5: Em 30 min | H5: Obs: Ligar apenas se o incidente impactar toda a operação. Caso contrário, informe ao usuário que será necessário aguardar até horário comercial.
B6: 3º Nível | C6: Luiz Otávio Santana | D6: =VLOOKUP(C6,Contatos!B$2:C$37,2,0) -> 17-99784-2844 | E6: 3 tentativas a cada 5min | F6: Em 45 min
B7: 4º Nível | C7: Luciano De Souza | D7: =VLOOKUP(C7,Contatos!B$2:C$37,2,0) -> 17-98177-4445 | E7: 3 tentativas a cada 5min | F7: Em 1h30
B8: 5º Nível | C8: Caio Albuquerque | D8: =VLOOKUP(C8,Contatos!B$2:C$37,2,0) -> 17-99647-7590 | E8: 3 tentativas a cada 5min | F8: Em 2 horas
B9: 6º Nível | C9: Rodrigo Da Silva Audi | D9: =VLOOKUP(C9,Contatos!B$2:C$37,2,0) -> 17-99683-7757 | E9: 3 tentativas a cada 5min | F9: Em 3 horas
A13: Gestores

Sheet BR - GATEC Industrial
A1: Aplicação | B1: Nível | C1: Contato | D1: Celular | E1: Acionamento | F1: Acompanhamento
A2: GAtec Industrial | B2: 1º Nível | C2: Diego Da Silva Duarte | D2: =VLOOKUP(C2,Contatos!B$2:C$37,2,0) -> 17-98125-0953 | E2: 3 tentativas a cada 5min | F2: Em 15min
B3: 2º Nível | C3: Luciano De Souza | D3: =VLOOKUP(C3,Contatos!B$2:C$37,2,0) -> 17-98177-4445 | E3: 3 tentativas a cada 5min | F3: Em 45 min | H3: Regra: Antes de acionar um Gestor, acionar o Vinicius(Gestor Tereos). (11)99014-2049
B4: 3º Nível | C4: Caio Albuquerque | D4: =VLOOKUP(C4,Contatos!B$2:C$37,2,0) -> 17-99647-7590 | E4: 3 tentativas a cada 5min | F4: Em 1 hora
B5: 4º Nível | C5: Rodrigo Da Silva Audi | D5: =VLOOKUP(C5,Contatos!B$2:C$37,2,0) -> 17-99683-7757 | E5: 3 tentativas a cada 5min | F5: Em 1h30
A8: Gestores

Sheet SmartZ(Zella)
A1: Aplicação | B1: Nível | C1: Contato | D1: Celular | E1: Acionamento | F1: Acompanhamento
A2: SmartZ | B2: 1º Nível | C2: Suporte SmartZ(Zella) | D2: 14-3644-9191 | E2: 3 tentativas a cada 5min | F2: Em 15min
B3: 2º Nível | C3: Diego Da Silva Duarte | D3: =VLOOKUP(C3,Contatos!B$2:C$37,2,0) -> 17-98125-0953 | E3: 3 tentativas a cada 5min | F3: Em 30 min | H3: Regra: Antes de acionar um Gestor, acionar o Vinicius(Gestor Tereos). (11)99014-2049
B4: 3º Nível | C4: Luciano De Souza | D4: =VLOOKUP(C4,Contatos!B$2:C$37,2,0) -> 17-98177-4445 | E4: 3 tentativas a cada 5min | F4: Em 1 hora
B5: 4º Nível | C5: Caio Albuquerque | D5: =VLOOKUP(C5,Contatos!B$2:C$37,2,0) -> 17-99647-7590 | E5: 3 tentativas a cada 5min | F5: Em 2 horas
B6: 5º Nível | C6: Rodrigo Da Silva Audi | D6: =VLOOKUP(C6,Contatos!B$2:C$37,2,0) -> 17-99683-7757 | E6: 3 tentativas a cada 5min | F6: Em 3 horas
A10: Gestores

Sheet BR - Logtrac
A1: Aplicação | B1: Nível | C1: Contato | D1: Celular | E1: Acionamento | F1: Acompanhamento
A2: Logtrac | B2: 1º Nível | C2: Suporte Logtrac | D2: Ligar para todos os contatos até que algum atenda: | E2: 3 tentativas a cada 5min | F2: Em 15min
D3: João Pedro - 16 99604-2503
D4: Gabriel Sampaio - 11 9866-3973
D5: Gabriel Coelho - 67 9664-7261
D6: Anna Gabriela - 16 999147-2197
D7: Gabriel Leite - 11 95323-1623
D8: Juliana Linhares - 16 99399-4554
D9: Rogério Junqueira - 16 99792-5570
B10: 2º Nível | C10: Raimundo(Logtrac) | D10: 16-99147-2197 | E10: 3 tentativas a cada 5min | F10: Em 30 min | H10: Regra: Antes de acionar um Gestor, acionar o Vinicius(Gestor Tereos). (11)99014-2049
B11: 3º Nível | C11: Luiz Otávio Santana | D11: =VLOOKUP(C11,Contatos!B$2:C$37,2,0) -> 17-99784-2844 | E11: 3 tentativas a cada 5min | F11: Em 45 min
B12: 4º Nível | C12: Luciano De Souza | D12: =VLOOKUP(C12,Contatos!B$2:C$37,2,0) -> 17-98177-4445 | E12: 3 tentativas a cada 5min | F12: Em 1h30
B13: 5º Nível | C13: Caio Albuquerque | D13: =VLOOKUP(C13,Contatos!B$2:C$37,2,0) -> 17-99647-7590 | E13: 3 tentativas a cada 5min | F13: Em 2 horas
B14: 6º Nível | C14: Rodrigo Da Silva Audi | D14: =VLOOKUP(C14,Contatos!B$2:C$37,2,0) -> 17-99683-7757 | E14: 3 tentativas a cada 5min | F14: Em 2h30
A17: Gestores

Sheet Solinftec
A1: Aplicação | B1: Nível | C1: Contato | D1: Celular | E1: Acionamento | F1: Acompanhamento
A2: BR - Solinftec | B2: 1º Nível | C2: Suporte Solinftec | D2: 8.008.002.270 | E2: 3 tentativas a cada 5min | F2: Em 15min
D3: Opção 1: SGPA
D4: Opção 2: SGIB
B5: 2º Nível | C5: Luiz Otávio Santana | D5: =VLOOKUP(C5,Contatos!B$2:C$37,2,0) -> 17-99784-2844 | E5: 3 tentativas a cada 5min | F5: Em 30 min | H5: Regra: Antes de acionar um Gestor, acionar o Vinicius(Gestor Tereos). (11)99014-2049
B6: 3º Nível | C6: Luciano De Souza | D6: =VLOOKUP(C6,Contatos!B$2:C$37,2,0) -> 17-98177-4445 | E6: 3 tentativas a cada 5min | F6: Em 1 hora
B7: 4º Nível | C7: Caio Albuquerque | D7: =VLOOKUP(C7,Contatos!B$2:C$37,2,0) -> 17-99647-7590 | E7: 3 tentativas a cada 5min | F7: Em 2 horas
B8: 5º Nível | C8: Rodrigo Da Silva Audi | D8: =VLOOKUP(C8,Contatos!B$2:C$37,2,0) -> 17-99683-7757 | E8: 3 tentativas a cada 5min | F8: Em 4 horas
A13: Gestores

Sheet BR - Autolab
A1: Aplicação | B1: Nível | C1: Contato | D1: Celular | E1: Acionamento | F1: Acompanhamento
A2: BR - Autolab | B2: 1º Nível | C2: Diego Da Silva Duarte | D2: =VLOOKUP(C2,Contatos!B$2:C$37,2,0) -> 17-98125-0953 | E2: 3 tentativas a cada 5min | F2: Em 15min
B3: 3º Nível | C3: Luciano De Souza | D3: =VLOOKUP(C3,Contatos!B$2:C$37,2,0) -> 17-98177-4445 | E3: 3 tentativas a cada 5min | F3: Em 30 min | H3: Regra: Antes de acionar um Gestor, acionar o Vinicius(Gestor Tereos). (11)99014-2049
B4: 4º Nível | C4: Caio Albuquerque | D4: =VLOOKUP(C4,Contatos!B$2:C$37,2,0) -> 17-99647-7590 | E4: 3 tentativas a cada 5min | F4: Em 1 hora
B5: 5º Nível | C5: Rodrigo Da Silva Audi | D5: =VLOOKUP(C5,Contatos!B$2:C$37,2,0) -> 17-99683-7757 | E5: 3 tentativas a cada 5min | F5: Em 2 horas
A8: Gestores

Sheet Talend
A1: Serviço | B1: Nível | C1: Especialista | D1: Contato | E1: Acionamento | F1: Acompanhamento
A2: Talend | B2: 1º Nível | C2: Suporte Cast | D2: 11-3041-8005 | E2: 3 tentativas a cada 5min | F2: Em 15min | H2: Regra: Antes de acionar um Gestor, acionar o Vinicius(Gestor Tereos). (11)99014-2049
B3: 2º Nível | C3: Lucas Florio Mascarenhas dos Santos | D3: =VLOOKUP(C3,Contatos!B$2:C$37,2,0) -> 17-99772-5375 | E3: 3 tentativas a cada 5min | F3: Em 30 min
B4: 4º Nível | C4: Rodrigo Da Silva Audi | D4: =VLOOKUP(C4,Contatos!B$2:C$37,2,0) -> 17-99683-7757 | E4: 3 tentativas a cada 5min | F4: Em 1 hora
A7: Gestores

Sheet AD
A1: Serviço | B1: Nível | C1: Especialista | D1: Contato | E1: Acionamento | F1: Acompanhamento
A2: Active Directory | B2: 1º nível | C2: André Sabino Petean Galvão (Dia 01 ao 15) | D2: 17-99648-4555 | E2: 3 tentativas a cada 5min | F2: Em 15min
B3: 2º Nível | C3: Ygor de Alencar Pereira(Dia 16 ao 31) | D3: 17-98117-3396 | E3: 3 tentativas a cada 5min | F3: Em 30min
B4: 3º Nível | C4: Jota Sousa | D4: =VLOOKUP(C4,Contatos!B$2:C$37,2,0) -> 17-99787-0087 | E4: 3 tentativas a cada 5min | F4: Em 45 min | H4: Regra: Antes de acionar um Gestor, acionar o Vinicius(Gestor Tereos). (11)99014-2049
B5: 4º Nível | C5: Caio Albuquerque | D5: =VLOOKUP(C5,Contatos!B$2:C$37,2,0) -> 17-99647-7590 | E5: 3 tentativas a cada 5min | F5: Em 1h30
B6: 5º Nível | C6: Rodrigo Da Silva Audi | D6: =VLOOKUP(C6,Contatos!B$2:C$37,2,0) -> 17-99683-7757 | E6: 3 tentativas a cada 5min | F6: Em 4 horas
A9: Gestores

Sheet TSB - Time Slot Booking
A1: Serviço | B1: Nível | C1: Contato | D1: Celular | E1: Acionamento | F1: Acompanhamento
A2: TSB - Time Slot Booking | B2: 1º Nível | C2: Luis Henrique Madalena Lacerda | D2: =VLOOKUP(C2,Contatos!B$2:C$37,2,0) -> 17 99738-2188 | E2: 3 tentativas a cada 5min | F2: Em 15min
B3: 2º Nível | C3: Luciano De Souza | D3: =VLOOKUP(C3,Contatos!B$2:C$37,2,0) -> 17-98177-4445 | E3: 3 tentativas a cada 5min | F3: Em 1 hora | H3: Regra: Antes de acionar um Gestor, acionar o Vinicius(Gestor Tereos). (11)99014-2049
B4: 3º Nível | C4: Caio Albuquerque | D4: =VLOOKUP(C4,Contatos!B$2:C$37,2,0) -> 17-99647-7590 | E4: 3 tentativas a cada 5min | F4: Em 1h30
B5: 4º Nível | C5: Rodrigo Da Silva Audi | D5: =VLOOKUP(C5,Contatos!B$2:C$37,2,0) -> 17-99683-7757 | E5: 3 tentativas a cada 5min | F5: Em 2h
A8: Gestores

Sheet Nobreak
A1: Serviço | B1: Nível | C1: Especialista | D1: Contato | E1: Acionamento | F1: Acompanhamento
A2: Nobreak | B2: 1º nível | C2: Vinicius De Souza Silva | D2: =VLOOKUP(C2,Contatos!B$2:C$37,2,0) -> 11-99014-2049 | E2: 3 tentativas a cada 5min | F2: Em 15min
B3: 2º Nível | C3: Helen Mendes de Oliveira | D3: =VLOOKUP(C3,Contatos!B$2:C$37,2,0) -> 17-99645-0645 | E3: 3 tentativas a cada 5min | F3: Em 30 min | H3: Regra: Antes de acionar um Gestor, acionar o Vinicius(Gestor Tereos). (11)99014-2049
B4: 3º Nível | C4: Caio Albuquerque | D4: =VLOOKUP(C4,Contatos!B$2:C$37,2,0) -> 17-99647-7590 | E4: 3 tentativas a cada 5min | F4: Em 1 hora
B5: 4º Nível | C5: Rodrigo Da Silva Audi | D5: =VLOOKUP(C5,Contatos!B$2:C$37,2,0) -> 17-99683-7757 | E5: 3 tentativas a cada 5min | F5: Em 2 horas
A8: Gestores

Sheet Velocloud
A1: Serviço | B1: Nível | C1: Especialista | D1: Contato | E1: Acionamento | F1: Acompanhamento
A2: Velocloud | B2: 1º nível | C2: Ana Carolina Rodrigues Izaias (Dia 01 a 10) | D2: Ana - 17-99764-6559 | E2: 3 tentativas a cada 5min | F2: Em 15min
C3: Braz Cardoso Junior (Dia 11 ao 20) | D3: Braz - 11 94539-0377
C4: Felipe Chianezzi Nascimento(Dia 21 ao 31) | D4: Felipe - 17 99194-8081
B5: 2º Nível | C5: Marcelo Alves Franco | D5: =VLOOKUP(C5,Contatos!B$2:C$37,2,0) -> 17-98135-3333 | E5: 3 tentativas a cada 5min | F5: Em 30 min | H5: Regra: Antes de acionar um Gestor, acionar o Vinicius(Gestor Tereos). (11)99014-2049
B6: 3º Nível | C6: Helen Mendes de Oliveira | D6: =VLOOKUP(C6,Contatos!B$2:C$37,2,0) -> 17-99645-0645 | E6: 3 tentativas a cada 5min | F6: Em 45 min
B7: 3º Nível | C7: Caio Albuquerque | D7: =VLOOKUP(C7,Contatos!B$2:C$37,2,0) -> 17-99647-7590 | E7: 3 tentativas a cada 5min | F7: Em 1 hora
B8: 5º Nível | C8: Rodrigo Da Silva Audi | D8: =VLOOKUP(C8,Contatos!B$2:C$37,2,0) -> 17-99683-7757 | E8: 3 tentativas a cada 5min | F8: Em 2 horas
A11: Gestores

Sheet Internet
A1: Serviço | B1: Nível | C1: Especialista | D1: Contato | E1: Acionamento | F1: Acompanhamento
A2: Internet | B2: 1º nível | C2: Ana Carolina Rodrigues Izaias (Dia 01 a 10) | D2: Ana - 17-99764-6559 | E2: 3 tentativas a cada 5min | F2: Em 15min
C3: Braz Cardoso Junior (Dia 11 ao 20) | D3: Braz - 11 94539-0377
C4: Felipe Chianezzi Nascimento(Dia 21 ao 31) | D4: Felipe - 17 99194-8081
B5: 2º Nível | C5: Marcelo Alves Franco | D5: =VLOOKUP(C5,Contatos!B$2:C$37,2,0) -> 17-98135-3333 | E5: 3 tentativas a cada 5min | F5: Em 30 min | H5: Regra: Antes de acionar um Gestor, acionar o Vinicius(Gestor Tereos). (11)99014-2049
B6: 3º Nível | C6: Helen Mendes de Oliveira | D6: =VLOOKUP(C6,Contatos!B$2:C$37,2,0) -> 17-99645-0645 | E6: 3 tentativas a cada 5min | F6: Em 1 hora
B7: 4º Nível | C7: Caio Albuquerque | D7: =VLOOKUP(C7,Contatos!B$2:C$37,2,0) -> 17-99647-7590 | E7: 3 tentativas a cada 5min | F7: Em 1h30
B8: 6º Nível | C8: Rodrigo Da Silva Audi | D8: =VLOOKUP(C8,Contatos!B$2:C$37,2,0) -> 17-99683-7757 | E8: 3 tentativas a cada 5min | F8: Em 3 horas
A11: Gestores

Sheet Controller
A1: Serviço | B1: Nível | C1: Especialista | D1: Contato | E1: Acionamento | F1: Acompanhamento
A2: Controller | B2: 1º nível | C2: Ana Carolina Rodrigues Izaias (Dia 01 a 10) | D2: Ana - 17-99764-6559 | E2: 3 tentativas a cada 5min | F2: Em 15min
C3: Braz Cardoso Junior (Dia 11 ao 20) | D3: Braz - 11 94539-0377
C4: Felipe Chianezzi Nascimento(Dia 21 ao 31) | D4: Felipe - 17 99194-8081
B5: 2º Nível | C5: Marcelo Alves Franco | D5: =VLOOKUP(C5,Contatos!B$2:C$37,2,0) -> 17-98135-3333 | E5: 3 tentativas a cada 5min | F5: Em 30 min | H5: Regra: Antes de acionar um Gestor, acionar o Vinicius(Gestor Tereos). (11)99014-2049
B6: 3º Nível | C6: Helen Mendes de Oliveira | D6: =VLOOKUP(C6,Contatos!B$2:C$37,2,0) -> 17-99645-0645 | E6: 3 tentativas a cada 5min | F6: Em 1 hora
B7: 4º Nível | C7: Caio Albuquerque | D7: =VLOOKUP(C7,Contatos!B$2:C$37,2,0) -> 17-99647-7590 | E7: 3 tentativas a cada 5min | F7: Em 1h30
B8: 6º Nível | C8: Rodrigo Da Silva Audi | D8: =VLOOKUP(C8,Contatos!B$2:C$37,2,0) -> 17-99683-7757 | E8: 3 tentativas a cada 5min | F8: Em 3 horas
A11: Gestores

Sheet Fields iK - SobreAviso
A1: Nível | B1: Especialista | C1: Contato | D1: Acionamento | E1: Acompanhamento
A2: 1º nível | B2: Felipe Mortati | C2: =VLOOKUP(B2,Contatos!B$2:C$37,2,0) -> 17-99783-5048 | D2: 3 tentativas a cada 5min | E2: Em 15min | G2: Para correto acionamento, consultar escala do dia através do link a seguir:
B3: Rafaela Toder | C3: =VLOOKUP(B3,Contatos!B$2:C$37,2,0) -> 17-99618-1581 | G3: Escala Geral Sobre Aviso - Jan a Jan
B4: Alessandro Calil Wendland | C4: =VLOOKUP(B4,Contatos!B$2:C$37,2,0) -> 17-99781-4513 | G4: Regra: Antes de acionar um Gestor, acionar o Vinicius(Gestor Tereos). (11)99014-2049
B5: Lucas Darezzo Quiozini | C5: =VLOOKUP(B5,Contatos!B$2:C$37,2,0) -> 17-99781-6893
B6: Igor de Jesus Ferreira | C6: =VLOOKUP(B6,Contatos!B$2:C$37,2,0) -> 17-99167-4055
B7: Felipe Thomazella Ferri | C7: =VLOOKUP(B7,Contatos!B$2:C$37,2,0) -> 17-99789-5734
A8: 2º Nível | B8: Vinicius de Souza Silva | C8: =VLOOKUP(B8,Contatos!B$2:C$37,2,0) -> 11-99014-2049 | D8: 3 tentativas a cada 5min | E8: Em 30 min
A9: 3º Nível | B9: Helen Mendes de Oliveira | C9: =VLOOKUP(B9,Contatos!B$2:C$37,2,0) -> 17-99645-0645 | D9: 3 tentativas a cada 5min | E9: Em 1 hora
A10: 4º Nível | B10: Caio Albuquerque | C10: =VLOOKUP(B10,Contatos!B$2:C$37,2,0) -> 17-99647-7590 | D10: 3 tentativas a cada 5min | E10: Em 2 horas
A11: 5º Nível | B11: Rodrigo Da Silva Audi | C11: =VLOOKUP(B11,Contatos!B$2:C$37,2,0) -> 17-99683-7757 | D11: 3 tentativas a cada 5min | E11: Em 3 horas
A15: Gestores
